rank,file,t_sec,score,U,A,D,n_boxes,n_ambiguous,empty,selected
1,frame_0375.jpg,150.0,0.6799,0.6798,1.0,0.2,9,8,False,True
2,frame_0074.jpg,29.6,0.6676,0.5601,0.625,1.0,8,5,False,True
3,frame_0004.jpg,1.6,0.6524,0.4548,0.75,1.0,7,6,False,True
4,frame_0284.jpg,113.6,0.6273,0.7307,0.5,0.56,5,4,False,True
5,frame_0073.jpg,29.2,0.6062,0.4375,0.625,1.0,8,5,False,False
6,frame_0072.jpg,28.8,0.5936,0.4872,0.5,1.0,7,4,False,False
7,frame_0070.jpg,28.0,0.5833,0.4666,0.5,1.0,6,4,False,False
8,frame_0288.jpg,115.2,0.5813,0.6496,0.375,0.72,8,3,False,False
9,frame_0287.jpg,114.8,0.5739,0.6508,0.375,0.68,8,3,False,False
10,frame_0376.jpg,150.4,0.573,0.632,0.75,0.16,8,6,False,False
11,frame_0000.jpg,0.0,0.5717,0.4434,0.5,1.0,8,4,False,False
12,frame_0126.jpg,50.4,0.5523,0.5006,0.5,0.76,8,4,False,True
13,frame_0387.jpg,154.8,0.5498,0.4946,0.875,0.2,9,7,False,True
14,frame_0001.jpg,0.4,0.5447,0.4644,0.375,1.0,8,3,False,False
15,frame_0124.jpg,49.6,0.5405,0.5091,0.5,0.68,8,4,False,False
16,frame_0377.jpg,150.8,0.5293,0.5607,0.75,0.12,10,6,False,False
17,frame_0280.jpg,112.0,0.5267,0.5184,0.625,0.4,6,5,False,False
18,frame_0033.jpg,13.2,0.5221,0.4192,0.375,1.0,7,3,False,True
19,frame_0225.jpg,90.0,0.5212,0.5603,0.75,0.08,6,6,False,True
20,frame_0176.jpg,70.4,0.5199,0.5687,0.625,0.24,9,5,False,True
21,frame_0031.jpg,12.4,0.5176,0.4102,0.375,1.0,8,3,False,False
22,frame_0106.jpg,42.4,0.5141,0.6373,0.625,0.04,8,5,False,True
23,frame_0075.jpg,30.0,0.5124,0.3407,0.5,0.96,6,4,False,False
24,frame_0069.jpg,27.6,0.5109,0.3967,0.375,1.0,6,3,False,True
25,frame_0129.jpg,51.6,0.5101,0.4433,0.375,0.88,6,3,False,False
26,frame_0298.jpg,119.2,0.5079,0.4168,0.625,0.56,7,5,False,True
27,frame_0077.jpg,30.8,0.5009,0.4247,0.375,0.88,9,3,False,False
28,frame_0079.jpg,31.6,0.5,0.4551,0.375,0.8,6,3,False,False
29,frame_0173.jpg,69.2,0.4989,0.5539,0.5,0.36,6,4,False,False
30,frame_0286.jpg,114.4,0.4978,0.4396,0.5,0.64,5,4,False,False
31,frame_0123.jpg,49.2,0.4934,0.4308,0.5,0.64,5,4,False,False
32,frame_0130.jpg,52.0,0.4873,0.3816,0.375,0.92,4,3,False,False
33,frame_0125.jpg,50.0,0.4861,0.4593,0.375,0.72,7,3,False,False
34,frame_0275.jpg,110.0,0.4855,0.516,0.625,0.2,7,5,False,False
35,frame_0076.jpg,30.4,0.4839,0.3747,0.375,0.92,6,3,False,False
36,frame_0128.jpg,51.2,0.4812,0.4014,0.375,0.84,8,3,False,False
37,frame_0132.jpg,52.8,0.4812,0.4123,0.25,1.0,4,2,False,False
38,frame_0016.jpg,6.4,0.4804,0.3358,0.375,1.0,6,3,False,False
39,frame_0388.jpg,155.2,0.4775,0.516,0.625,0.16,8,5,False,False
40,frame_0008.jpg,3.2,0.4771,0.4042,0.25,1.0,4,2,False,False
41,frame_0397.jpg,158.8,0.4712,0.4873,0.625,0.2,7,5,False,False
42,frame_0007.jpg,2.8,0.4673,0.3846,0.25,1.0,5,2,False,False
43,frame_0127.jpg,50.8,0.4668,0.3886,0.375,0.8,8,3,False,False
44,frame_0170.jpg,68.0,0.4592,0.4264,0.5,0.48,7,4,False,False
45,frame_0315.jpg,126.0,0.4587,0.6443,0.375,0.12,7,3,False,False
46,frame_0071.jpg,28.4,0.4559,0.3617,0.25,1.0,6,2,False,False
47,frame_0279.jpg,111.6,0.4551,0.4662,0.5,0.36,6,4,False,False
48,frame_0278.jpg,111.2,0.4519,0.4757,0.5,0.32,8,4,False,False
49,frame_0289.jpg,115.6,0.4513,0.3735,0.375,0.76,6,3,False,False
50,frame_0029.jpg,11.6,0.4501,0.3502,0.25,1.0,7,2,False,False
51,frame_0295.jpg,118.0,0.4476,0.3982,0.375,0.68,6,3,False,False
52,frame_0067.jpg,26.8,0.4464,0.3428,0.25,1.0,8,2,False,False
53,frame_0011.jpg,4.4,0.4451,0.3401,0.25,1.0,3,2,False,False
54,frame_0277.jpg,110.8,0.4444,0.4769,0.5,0.28,7,4,False,False
55,frame_0283.jpg,113.2,0.4415,0.3751,0.5,0.52,7,4,False,False
56,frame_0131.jpg,52.4,0.4384,0.3428,0.25,0.96,4,2,False,False
57,frame_0203.jpg,81.2,0.4363,0.3916,0.375,0.64,4,3,False,False
58,frame_0330.jpg,132.0,0.4309,0.4707,0.625,0.04,8,5,False,False
59,frame_0003.jpg,1.2,0.4304,0.3109,0.25,1.0,7,2,False,False
60,frame_0078.jpg,31.2,0.43,0.3739,0.25,0.84,6,2,False,False
61,frame_0276.jpg,110.4,0.4293,0.4627,0.5,0.24,10,4,False,False
62,frame_0207.jpg,82.8,0.4281,0.3112,0.375,0.8,4,3,False,False
63,frame_0121.jpg,48.4,0.4277,0.4065,0.375,0.56,5,3,False,False
64,frame_0068.jpg,27.2,0.4243,0.2986,0.25,1.0,7,2,False,False
65,frame_0320.jpg,128.0,0.4239,0.5269,0.375,0.24,7,3,False,False
66,frame_0133.jpg,53.2,0.4236,0.2972,0.25,1.0,7,2,False,False
67,frame_0202.jpg,80.8,0.4235,0.3821,0.375,0.6,6,3,False,False
68,frame_0006.jpg,2.4,0.4232,0.2963,0.25,1.0,4,2,False,False
69,frame_0215.jpg,86.0,0.4214,0.3509,0.5,0.48,5,4,False,False
70,frame_0281.jpg,112.4,0.4212,0.4414,0.375,0.44,7,3,False,False
71,frame_0374.jpg,149.6,0.4207,0.5365,0.375,0.2,10,3,False,False
72,frame_0017.jpg,6.8,0.4192,0.2883,0.25,1.0,4,2,False,False
73,frame_0332.jpg,132.8,0.4155,0.5151,0.5,0.04,7,4,False,False
74,frame_0282.jpg,112.8,0.413,0.409,0.375,0.48,7,3,False,False
75,frame_0300.jpg,120.0,0.4123,0.4076,0.375,0.48,5,3,False,False
76,frame_0085.jpg,34.0,0.4113,0.3736,0.375,0.56,5,3,False,False
77,frame_0297.jpg,118.8,0.4101,0.3552,0.375,0.6,6,3,False,False
78,frame_0290.jpg,116.0,0.4086,0.3471,0.25,0.8,7,2,False,False
79,frame_0210.jpg,84.0,0.406,0.39,0.25,0.68,3,2,False,False
80,frame_0122.jpg,48.8,0.4053,0.3456,0.375,0.6,3,3,False,False
81,frame_0167.jpg,66.8,0.4051,0.3452,0.375,0.6,5,3,False,False
82,frame_0291.jpg,116.4,0.4017,0.3174,0.25,0.84,6,2,False,False
83,frame_0233.jpg,93.2,0.4001,0.4793,0.375,0.24,9,3,False,False
84,frame_0117.jpg,46.8,0.3979,0.3358,0.5,0.4,7,4,False,False
85,frame_0223.jpg,89.2,0.397,0.43,0.5,0.16,6,4,False,False
86,frame_0285.jpg,114.0,0.391,0.317,0.375,0.6,5,3,False,False
87,frame_0090.jpg,36.0,0.3901,0.4113,0.375,0.36,7,3,False,False
88,frame_0296.jpg,118.4,0.389,0.297,0.375,0.64,5,3,False,False
89,frame_0015.jpg,6.0,0.3877,0.3004,0.125,1.0,5,1,False,False
90,frame_0081.jpg,32.4,0.3877,0.3374,0.25,0.72,4,2,False,False
91,frame_0333.jpg,133.2,0.3877,0.4433,0.5,0.08,7,4,False,False
92,frame_0389.jpg,155.6,0.3871,0.3512,0.625,0.12,10,5,False,False
93,frame_0091.jpg,36.4,0.3869,0.4958,0.25,0.32,2,2,False,False
94,frame_0396.jpg,158.4,0.3857,0.4074,0.5,0.16,8,4,False,False
95,frame_0367.jpg,146.8,0.3854,0.3637,0.625,0.08,7,5,False,False
96,frame_0168.jpg,67.2,0.3821,0.3152,0.375,0.56,6,3,False,False
97,frame_0177.jpg,70.8,0.3818,0.3836,0.5,0.2,8,4,False,False
98,frame_0211.jpg,84.4,0.3817,0.3575,0.25,0.64,3,2,False,False
99,frame_0294.jpg,117.6,0.3812,0.3244,0.25,0.72,6,2,False,False
100,frame_0274.jpg,109.6,0.3809,0.3977,0.5,0.16,6,4,False,False
101,frame_0184.jpg,73.6,0.38,0.428,0.5,0.08,6,4,False,False
102,frame_0027.jpg,10.8,0.3792,0.2834,0.125,1.0,6,1,False,False
103,frame_0303.jpg,121.2,0.3751,0.3812,0.375,0.36,7,3,False,False
104,frame_0021.jpg,8.4,0.3749,0.2748,0.125,1.0,4,1,False,False
105,frame_0018.jpg,7.2,0.3719,0.2687,0.125,1.0,5,1,False,False
106,frame_0393.jpg,157.2,0.3718,0.4276,0.5,0.04,4,4,False,False
107,frame_0115.jpg,46.0,0.3707,0.3134,0.5,0.32,6,4,False,False
108,frame_0301.jpg,120.4,0.3707,0.3404,0.375,0.44,7,3,False,False
109,frame_0329.jpg,131.6,0.3694,0.4068,0.5,0.08,10,4,False,False
110,frame_0005.jpg,2.0,0.3693,0.2636,0.125,1.0,7,1,False,False
111,frame_0293.jpg,117.2,0.3688,0.2836,0.25,0.76,6,2,False,False
112,frame_0119.jpg,47.6,0.3685,0.395,0.25,0.48,7,2,False,False
113,frame_0002.jpg,0.8,0.3674,0.2597,0.125,1.0,9,1,False,False
114,frame_0023.jpg,9.2,0.3673,0.2596,0.125,1.0,3,1,False,False
115,frame_0205.jpg,82.0,0.3673,0.2967,0.25,0.72,4,2,False,False
116,frame_0386.jpg,154.4,0.3668,0.3376,0.5,0.24,6,4,False,False
117,frame_0373.jpg,149.2,0.3639,0.3639,0.5,0.16,8,4,False,False
118,frame_0299.jpg,119.6,0.3631,0.3683,0.25,0.52,6,2,False,False
119,frame_0032.jpg,12.8,0.3629,0.2507,0.125,1.0,7,1,False,False
120,frame_0116.jpg,46.4,0.3629,0.3568,0.375,0.36,9,3,False,False
121,frame_0013.jpg,5.2,0.3614,0.2478,0.125,1.0,4,1,False,False
122,frame_0030.jpg,12.0,0.36,0.245,0.125,1.0,8,1,False,False
123,frame_0368.jpg,147.2,0.3586,0.4762,0.375,0.04,10,3,False,False
124,frame_0398.jpg,159.2,0.3585,0.4711,0.25,0.24,9,2,False,False
125,frame_0020.jpg,8.0,0.3581,0.2412,0.125,1.0,4,1,False,False
126,frame_0010.jpg,4.0,0.3574,0.2398,0.125,1.0,3,1,False,False
127,frame_0204.jpg,81.6,0.3569,0.2919,0.25,0.68,4,2,False,False
128,frame_0206.jpg,82.4,0.3568,0.2596,0.25,0.76,5,2,False,False
129,frame_0097.jpg,38.8,0.3562,0.3803,0.5,0.08,8,4,False,False
130,frame_0328.jpg,131.2,0.3518,0.3716,0.5,0.08,11,4,False,False
131,frame_0395.jpg,158.0,0.3513,0.3546,0.5,0.12,5,4,False,False
132,frame_0391.jpg,156.4,0.3442,0.3724,0.5,0.04,11,4,False,False
133,frame_0082.jpg,32.8,0.3425,0.2629,0.25,0.68,7,2,False,False
134,frame_0022.jpg,8.8,0.3422,0.2093,0.125,1.0,4,1,False,False
135,frame_0024.jpg,9.6,0.3411,0.2071,0.125,1.0,3,1,False,False
136,frame_0026.jpg,10.4,0.3398,0.2046,0.125,1.0,5,1,False,False
137,frame_0172.jpg,68.8,0.3392,0.2934,0.375,0.4,7,3,False,False
138,frame_0086.jpg,34.4,0.3382,0.3184,0.25,0.52,5,2,False,False
139,frame_0109.jpg,43.6,0.3367,0.3415,0.5,0.08,7,4,False,False
140,frame_0012.jpg,4.8,0.3363,0.1976,0.125,1.0,4,1,False,False
141,frame_0319.jpg,127.6,0.3359,0.3348,0.375,0.28,9,3,False,False
142,frame_0214.jpg,85.6,0.3346,0.3112,0.25,0.52,4,2,False,False
143,frame_0325.jpg,130.0,0.3326,0.4242,0.375,0.04,5,3,False,False
144,frame_0229.jpg,91.6,0.3325,0.3329,0.5,0.08,8,4,False,False
145,frame_0292.jpg,116.8,0.3315,0.2679,0.125,0.8,6,1,False,False
146,frame_0216.jpg,86.4,0.3274,0.3288,0.25,0.44,5,2,False,False
147,frame_0087.jpg,34.8,0.3253,0.3086,0.25,0.48,5,2,False,False
148,frame_0327.jpg,130.8,0.3247,0.4084,0.375,0.04,11,3,False,False
149,frame_0183.jpg,73.2,0.3242,0.4074,0.375,0.04,4,3,False,False
150,frame_0169.jpg,67.6,0.3229,0.2878,0.25,0.52,7,2,False,False
151,frame_0080.jpg,32.0,0.3226,0.2662,0.125,0.76,6,1,False,False
152,frame_0322.jpg,128.8,0.3217,0.3544,0.375,0.16,6,3,False,False
153,frame_0378.jpg,151.2,0.3213,0.4606,0.25,0.08,10,2,False,False
154,frame_0174.jpg,69.6,0.3211,0.4393,0.125,0.32,7,1,False,False
155,frame_0213.jpg,85.2,0.3211,0.2681,0.25,0.56,3,2,False,False
156,frame_0025.jpg,10.0,0.3203,0.1655,0.125,1.0,4,1,False,False
157,frame_0321.jpg,128.4,0.3198,0.3346,0.375,0.2,7,3,False,False
158,frame_0224.jpg,89.6,0.3193,0.4406,0.25,0.12,5,2,False,False
159,frame_0316.jpg,126.4,0.3189,0.3488,0.375,0.16,8,3,False,False
160,frame_0118.jpg,47.2,0.3171,0.3082,0.25,0.44,6,2,False,False
161,frame_0209.jpg,83.6,0.3166,0.2703,0.125,0.72,3,1,False,False
162,frame_0323.jpg,129.2,0.3164,0.3598,0.375,0.12,8,3,False,False
163,frame_0390.jpg,156.0,0.3156,0.3743,0.375,0.08,10,3,False,False
164,frame_0089.jpg,35.6,0.3128,0.3156,0.25,0.4,7,2,False,False
165,frame_0120.jpg,48.0,0.3128,0.2677,0.25,0.52,5,2,False,False
166,frame_0379.jpg,151.6,0.312,0.3831,0.375,0.04,9,3,False,False
167,frame_0111.jpg,44.4,0.3113,0.4085,0.25,0.16,3,2,False,False
168,frame_0095.jpg,38.0,0.3112,0.3333,0.375,0.16,8,3,False,False
169,frame_0101.jpg,40.4,0.309,0.361,0.375,0.08,6,3,False,False
170,frame_0009.jpg,3.6,0.3086,0.2172,0.0,1.0,2,0,False,False
171,frame_0186.jpg,74.4,0.3072,0.3733,0.375,0.04,7,3,False,False
172,frame_0198.jpg,79.2,0.3065,0.3619,0.125,0.44,3,1,False,False
173,frame_0014.jpg,5.6,0.3064,0.2128,0.0,1.0,4,0,False,False
174,frame_0028.jpg,11.2,0.306,0.212,0.0,1.0,5,0,False,False
175,frame_0383.jpg,153.2,0.303,0.333,0.375,0.12,5,3,False,False
176,frame_0196.jpg,78.4,0.302,0.3101,0.25,0.36,3,2,False,False
177,frame_0175.jpg,70.0,0.3008,0.3396,0.25,0.28,7,2,False,False
178,frame_0218.jpg,87.2,0.3005,0.307,0.25,0.36,4,2,False,False
179,frame_0208.jpg,83.2,0.3003,0.2215,0.125,0.76,4,1,False,False
180,frame_0100.jpg,40.0,0.2995,0.3581,0.375,0.04,6,3,False,False
181,frame_0226.jpg,90.4,0.2989,0.4318,0.25,0.04,5,2,False,False
182,frame_0311.jpg,124.4,0.2965,0.4271,0.25,0.04,4,2,False,False
183,frame_0399.jpg,159.6,0.2955,0.329,0.25,0.28,8,2,False,False
184,frame_0308.jpg,123.2,0.2951,0.3761,0.25,0.16,7,2,False,False
185,frame_0092.jpg,36.8,0.2935,0.325,0.25,0.28,3,2,False,False
186,frame_0394.jpg,157.6,0.2933,0.3297,0.375,0.08,5,3,False,False
187,frame_0083.jpg,33.2,0.2926,0.2542,0.125,0.64,6,1,False,False
188,frame_0112.jpg,44.8,0.2916,0.3533,0.25,0.2,4,2,False,False
189,frame_0200.jpg,80.0,0.2914,0.2999,0.125,0.52,2,1,False,False
190,frame_0230.jpg,92.0,0.2913,0.3096,0.375,0.12,11,3,False,False
191,frame_0019.jpg,7.6,0.2894,0.1789,0.0,1.0,3,0,False,False
192,frame_0269.jpg,107.6,0.2873,0.4086,0.25,0.04,8,2,False,False
193,frame_0232.jpg,92.8,0.2865,0.3431,0.25,0.2,6,2,False,False
194,frame_0271.jpg,108.4,0.2853,0.3296,0.375,0.04,7,3,False,False
195,frame_0084.jpg,33.6,0.285,0.255,0.125,0.6,3,1,False,False
196,frame_0217.jpg,86.8,0.2846,0.2591,0.25,0.4,5,2,False,False
197,frame_0185.jpg,74.0,0.2843,0.3117,0.375,0.08,8,3,False,False
198,frame_0114.jpg,45.6,0.2818,0.3017,0.25,0.28,5,2,False,False
199,frame_0212.jpg,84.8,0.2812,0.2474,0.125,0.6,4,1,False,False
200,frame_0220.jpg,88.0,0.2804,0.2988,0.25,0.28,4,2,False,False
201,frame_0093.jpg,37.2,0.279,0.312,0.25,0.24,6,2,False,False
202,frame_0306.jpg,122.4,0.2788,0.3117,0.25,0.24,6,2,False,False
203,frame_0302.jpg,120.8,0.2757,0.3163,0.125,0.4,6,1,False,False
204,frame_0384.jpg,153.6,0.2739,0.3338,0.25,0.16,6,2,False,False
205,frame_0318.jpg,127.2,0.2736,0.3012,0.25,0.24,6,2,False,False
206,frame_0178.jpg,71.2,0.2732,0.3325,0.25,0.16,6,2,False,False
207,frame_0313.jpg,125.2,0.2703,0.4497,0.125,0.04,2,1,False,False
208,frame_0324.jpg,129.6,0.2675,0.353,0.25,0.08,8,2,False,False
209,frame_0197.jpg,78.8,0.2646,0.2941,0.125,0.4,2,1,False,False
210,frame_0094.jpg,37.6,0.2614,0.2929,0.25,0.2,7,2,False,False
211,frame_0193.jpg,77.2,0.2603,0.2747,0.25,0.24,6,2,False,False
212,frame_0231.jpg,92.4,0.2572,0.3004,0.25,0.16,8,2,False,False
213,frame_0305.jpg,122.0,0.2551,0.2483,0.25,0.28,5,2,False,False
214,frame_0191.jpg,76.4,0.254,0.294,0.25,0.16,5,2,False,False
215,frame_0201.jpg,80.4,0.2536,0.2081,0.125,0.56,4,1,False,False
216,frame_0222.jpg,88.8,0.2508,0.2715,0.25,0.2,6,2,False,False
217,frame_0304.jpg,121.6,0.2492,0.2954,0.125,0.32,7,1,False,False
218,frame_0268.jpg,107.2,0.2488,0.3155,0.25,0.08,7,2,False,False
219,frame_0190.jpg,76.0,0.2477,0.3725,0.125,0.12,4,1,False,False
220,frame_0372.jpg,148.8,0.2477,0.2973,0.25,0.12,9,2,False,False
221,frame_0309.jpg,123.6,0.2457,0.2934,0.25,0.12,8,2,False,False
222,frame_0317.jpg,126.8,0.2437,0.3324,0.125,0.2,8,1,False,False
223,frame_0221.jpg,88.4,0.2434,0.2407,0.25,0.24,5,2,False,False
224,frame_0098.jpg,39.2,0.242,0.3181,0.25,0.04,6,2,False,False
225,frame_0188.jpg,75.2,0.2374,0.3837,0.125,0.04,8,1,False,False
226,frame_0108.jpg,43.2,0.2338,0.3015,0.25,0.04,7,2,False,False
227,frame_0181.jpg,72.4,0.2291,0.2921,0.25,0.04,5,2,False,False
228,frame_0385.jpg,154.0,0.2281,0.2261,0.25,0.2,7,2,False,False
229,frame_0105.jpg,42.0,0.2268,0.2716,0.25,0.08,8,2,False,False
230,frame_0314.jpg,125.6,0.2256,0.2691,0.25,0.08,7,2,False,False
231,frame_0371.jpg,148.4,0.2177,0.2534,0.25,0.08,8,2,False,False
232,frame_0370.jpg,148.0,0.2137,0.2613,0.25,0.04,8,2,False,False
233,frame_0219.jpg,87.6,0.2096,0.2162,0.125,0.32,4,1,False,False
234,frame_0113.jpg,45.2,0.2071,0.2431,0.125,0.24,7,1,False,False
235,frame_0267.jpg,106.8,0.2046,0.2862,0.125,0.12,6,1,False,False
236,frame_0307.jpg,122.8,0.2041,0.2532,0.125,0.2,9,1,False,False
237,frame_0189.jpg,75.6,0.2027,0.2985,0.125,0.08,3,1,False,False
238,frame_0192.jpg,76.8,0.2026,0.2501,0.125,0.2,5,1,False,False
239,frame_0272.jpg,108.8,0.1957,0.2844,0.125,0.08,6,1,False,False
240,frame_0102.jpg,40.8,0.1945,0.266,0.125,0.12,4,1,False,False
241,frame_0103.jpg,41.2,0.1903,0.2416,0.125,0.16,5,1,False,False
242,frame_0088.jpg,35.2,0.1889,0.2018,0.0,0.44,6,0,False,False
243,frame_0096.jpg,38.4,0.1889,0.2548,0.125,0.12,7,1,False,False
244,frame_0171.jpg,68.4,0.1872,0.1984,0.0,0.44,5,0,False,False
245,frame_0195.jpg,78.0,0.1847,0.1663,0.125,0.32,6,1,False,False
246,frame_0199.jpg,79.6,0.1794,0.1668,0.0,0.48,3,0,False,False
247,frame_0228.jpg,91.2,0.1705,0.25,0.125,0.04,6,1,False,False
248,frame_0310.jpg,124.0,0.1685,0.23,0.125,0.08,7,1,False,False
249,frame_0273.jpg,109.2,0.1573,0.2665,0.0,0.12,7,0,False,False
250,frame_0194.jpg,77.6,0.1517,0.1914,0.0,0.28,5,0,False,False
251,frame_0110.jpg,44.0,0.1215,0.1949,0.0,0.12,5,0,False,False
252,frame_0382.jpg,152.8,0.1185,0.205,0.0,0.08,5,0,False,False
253,frame_0179.jpg,71.6,0.1174,0.1869,0.0,0.12,7,0,False,False
254,frame_0381.jpg,152.4,0.1117,0.2074,0.0,0.04,4,0,False,False
255,frame_0180.jpg,72.0,0.1092,0.1864,0.0,0.08,7,0,False,False
256,frame_0104.jpg,41.6,0.1058,0.1636,0.0,0.12,3,0,False,False
